{
  "overall_score": 0.5579166666666666,
  "retrieval_metrics": {
    "precision_at_1": 0.6,
    "mrr": 0.4666666666666667,
    "avg_similarity_top1": 0.6359414840000001,
    "avg_similarity_top3": 0.6116471826666666
  },
  "generation_metrics": {
    "context_recall": 0.4229166666666667,
    "faithfulness": 1.0,
    "answer_relevancy": 0.3,
    "completeness": 0.6
  },
  "test_count": 5
}